y1;y2;y3;y4;y5
-18,1075493557495;-19,2752063180163;21,339185030572;1,85143434069864;3,13801583271205
-17,87191744179;-19,8900457137253;19,3157753358627;1,46730477337698;1,68859536819553
-17,7176075668418;-19,3757008041985;20,4688233530132;1,49004010997265;-0,752456827928184
-19,8122668975926;-18,5621244040296;22,3407438210122;2,61351558929102;-5,16840342595626
-19,8528922590409;-19,5343599141648;21,7916148213571;0,552804669576328;-0,963591689745128
-19,5876900771862;-20,3316151967498;21,1075227508081;-2,24314743920742;1,91442212776459
-17,3003610679139;-19,0405766349281;21,3738158249066;-2,72896394301619;0,462175174664045
-16,1128937124292;-18,0469771800995;22,7368198623765;-3,60887403447651;-3,34780745084882
-17,3004949125975;-17,0515143373577;23,3456161810823;-3,51819047760969;-2,06227702332482
-17,1867341833061;-16,2876271088707;22,6747766172936;-0,775492914917718;1,01723054969574
-16,9778029392954;-16,1092477719884;23,0521747430166;-1,9570464016969;-2,02618291285008
-16,6679423137421;-15,6225771235067;23,3884092006912;-4,13298197562414;0,652681738781374
-14,3308097165323;-16,5442967106971;23,8567785713768;-2,89577372382941;-0,885553948169155
-14,6021593274686;-17,2220878852087;22,6101509032087;-2,67838717204418;-1,25601200017596
-14,7906429075338;-17,5425381991637;22,5678398932456;-0,980356570902914;-0,217031543138288
-13,2206912579285;-16,545538608746;24,8154417700167;1,09341092586396;0,045021714274209
-14,0574238576165;-14,6087930820319;24,4040033772966;-0,556011995426811;-1,05992503694061
-15,9975070890702;-14,027890391475;24,0107011339926;0,216642043321219;-2,38354898201417
-16,2867944175282;-12,4918001340295;22,4923000337609;2,94542491248578;2,02463092841899
-15,8502186626069;-10,7169697116271;22,2531113496987;3,17996144509347;1,75392075673233
-15,4097086075304;-9,33429532718144;21,9275412581218;2,09318139602875;-1,85685101876465
-14,8004370290053;-8,08662757584089;23,3244851616552;0,789403462170007;2,71041696554744
-15,7228010497559;-7,04343614519384;21,9946929595059;0,297300045840789;-0,115618473785853
-14,3527170844281;-7,22892735414307;22,1112968086422;-1,0178726477169;0,69009297160674
-12,1387813148731;-9,70277499289737;20,9498339709477;-0,531790967464272;-0,83503524986705
-13,3765958815988;-9,00375123213018;20,736478629534;0,332118339833417;-0,184028128625909
-13,6910722613764;-7,74169799102357;21,1929332048663;1,21594161120809;1,21610492631894
-12,8672786749859;-7,14518701447933;21,0950440030632;0,471219673210755;1,98508699523532
-13,7683953193108;-4,52910061458063;21,9844597125253;-2,9503193832585;-3,33475848021848
-13,3146743354758;-3,39612772324517;20,8904115812386;-1,11751578972426;2,62229332140568
-12,8348100125433;-2,57685102393621;19,616476154962;1,33528561176341;-0,847513593058186
-10,7517498619663;-1,45391812292219;20,3346915233345;-0,192217633056328;1,99459841267361
-11,6113166299599;-1,86435010377816;22,6533805897831;0,105623117468726;1,1167431933375
-13,6404931701482;-1,87960587935781;23,24050916104;1,33193627969773;-1,2734373809215
-11,9781037565418;-1,23492868327301;23,0281401733211;0,571723005997532;-2,60741589633578
-11,5873115260919;-0,821366242364651;21,9543231301578;-1,10029661319155;0,233472475097369
-11,4148874414692;-1,01559337539983;24,0633727163079;-0,224665179699991;-1,74402351173979
-12,3729606689595;-1,25609273766187;23,725619732756;2,69384506153823;-0,382432109586296
-11,723005385306;-0,212237368908526;24,2452499127278;1,55681944606738;-1,18683427376643
-10,7343901920134;-0,142674389248882;23,7090547386777;0,148800383753805;1,2247841532958
-10,197953743694;-1,54352543170467;22,9804517493807;-0,345225919754063;-0,919135225802766
-10,8927947651897;-3,4199988564196;23,2870993502919;-0,123405644025235;2,13092291753549
-10,7610939961477;-5,23694538325908;22,3923673678141;0,228551428787333;-1,05272886008506
-10,2878273240362;-8,12167947304967;24,3860144885684;-0,860304131725282;0,334800171687262
-10,1003797128967;-8,78995557306111;25,4055448264849;-1,65926865488676;0,80210998119272
-9,76840106438694;-9,40850193610951;25,7441144470972;-1,27181544177992;-1,06514034500189
-9,0901926016214;-8,98150487220959;25,8932925126548;1,04143706806004;-2,15140200986881
-9,50604605612347;-7,37462971619458;25,6590113531447;0,587309047254667;-0,873232328437373
-8,11253434301264;-5,64451028485454;25,1337093013195;-1,14344034912955;0,040690764289744
-8,49612875723872;-5,96161798687799;24,6211783153655;-1,10700397834647;0,562961340424365
-10,2298463372803;-5,76405570300917;24,8319430377034;-0,111193164455186;-1,04107978994655
-9,65009797873738;-5,57972356156252;24,1188508889286;-0,831664118212649;-0,671026067179584
-9,15096136841505;-4,66966510291656;23,0182674890788;-3,03644717742349;-0,610646976466397
-10,3198012431761;-2,18124144731522;22,9338519491491;-2,94293761363031;1,45913990211257
-10,4037953697425;-0,620036608010372;24,1638082614909;-0,418348356950018;-1,34309753898657
-10,2884074157628;1,05726465378521;23,1184970118893;0,687001771146202;2,1589814014534
-11,353165944027;1,85589060764581;20,484865894786;-0,558487044265519;2,55953922699865
-11,147083143059;2,58293713254392;20,4832709001171;0,321780047191299;0,136398550922806
-9,19946102651345;4,27590773596802;21,1950893863371;0,915826676302217;-2,15993535548243
-7,71274589748805;6,03464264498471;20,838405212923;0,477989447991684;1,47613121390852
-5,04765769890732;6,53291251664433;18,9448837740125;1,49479590104384;-1,9540814245756
-4,16789994487885;8,03999228619093;21,7184379928759;1,65638986256907;1,43194294310686
-5,57442815264573;8,35395734787077;22,2557305002625;0,765656915006435;2,91935486970313
-6,07866547764585;8,01359063635429;21,6251501263083;-0,090358515540474;0,653393025007177
-5,1987351255011;7,31088215214524;22,40278833933;-1,55032492356027;0,879878264298693
-6,06132081153273;6,29755263339205;21,2276489426415;-1,3395100310988;-2,59516574860174
-7,44116662502521;6,78108277887911;21,1681243249756;0,469527500355795;-1,201087000662
-8,26149895809254;6,4932170589119;21,1263277382618;1,30134547921369;1,19365502679258
-7,93887943498197;7,51514590942224;21,4908228827801;1,05977510904249;-0,796007555246222
-7,25091035886855;7,75478893497849;20,9895180925293;1,57950335645117;-0,589601057042425
-7,91016628287654;6,88355062383774;21,9142348223605;1,65424619563551;-1,944461937554
-8,2772531004871;5,0914891214426;22,3635938134086;-0,310947798723129;1,51429554730298
-6,46106736584667;3,23787518053336;21,0008728569847;-1,8095282326541;-2,52950424532819
-6,60173854458868;2,01618037969756;20,5496833773734;-0,491799222362055;0,381166648232794
-7,71435755822212;1,18309953927221;20,2220794739525;1,23320046338073;-2,80991732580113
-6,32227241802603;-0,252208381003826;21,1458955689504;0,013858712987572;-3,99672740452129
-5,81050868782876;-1,51094326403432;20,4737153981665;-1,95017003134277;-0,027679267278604
-5,65843444903156;-3,18441169286926;21,6553658362306;-1,93422732045498;-0,491034662291884
-4,08495963023891;-5,2942657873407;20,2868776784111;-0,176346998005569;-1,78838324327161
-3,07103148904211;-8,57336906396348;20,7247586496911;0,784681775550488;-4,4659406609773
-2,84744362658156;-11,3405685276186;21,0728749540197;0,39496071679154;1,92006986071458
-3,25865830503589;-11,5585316017571;22,2748415097595;-1,30126862703664;0,44500245989305
-4,18567226906688;-11,7268882701127;21,5710902773238;-3,456976136779;1,16390972053206
-3,38302805179099;-13,2815913744979;19,7828713457742;-2,01503561302801;-1,24743018660368
-3,75015909623952;-14,3154012723849;19,9996924336839;0,677522206839006;2,73566138867254
-3,7616182340147;-13,9369118715173;19,9729446072133;4,43370570741043;2,23230422760794
-3,98459539503713;-13,795685919149;21,2548136668979;3,73200613810141;0,40861412717153
-4,21180771941948;-13,9677728243465;20,5861205224365;-0,532262347466296;0,530288680914891
-3,23410435700764;-14,3350667747276;21,1574246420124;-0,767501098606717;-0,783013639586569
-2,8013530506088;-15,5000658697891;21,8690218042559;1,03641462333779;1,63957526083132
-3,38098386481496;-17,7132408536413;22,6999242377523;0,041349236029051;1,78924812491479
-3,86407836587043;-17,5895650090239;22,7648445160586;-2,03086030163404;-1,44029417847335
-2,13262099621505;-17,314223362785;22,4031179667668;-0,536230032849668;0,360076680083059
-4,57992725591525;-17,1935752629755;22,3671439827346;2,96110956410102;-0,159882963049121
-5,03793887524604;-16,7931475390921;22,6179446987696;5,23443397669035;-0,217664885434219
-6,25284291771253;-16,4474589478717;22,7021309637951;2,54235312924815;1,51020262820919
-7,15288658780329;-14,9296238330703;24,7684326450163;-0,614370747962308;0,600672327227247
-7,46847878125819;-13,4544044826667;24,9570011851343;-1,33500676702214;-0,333298467749684
-7,87737782771235;-14,028304596148;25,5299992250048;-1,13356679842813;-0,379924712714557
-5,12543925996539;-15,2677173336344;24,5622386059921;-0,847968206057485;1,66045229745174
-2,59200447345808;-15,6643624895178;24,2782518325083;-1,50682341696188;2,14257069534826
-2,97870825408524;-15,9225926996799;25,7240412882312;-0,743462042791024;0,741577788323056
-4,81338151910713;-16,239282598401;27,4899976383675;0,050641371089873;2,52299432244086
-4,28518728468665;-17,7245211542762;26,2958871265803;-0,339443459126844;0,638175850134124
-2,95077255991159;-19,5222595555624;25,6742346337667;-1,05838825454503;0,734510114077446
-4,521195768585;-21,5138908364955;26,7710473590695;-0,771925537514628;2,60914924140202
-4,47625973705616;-23,5054498098947;27,4303010230215;0,409932266068226;-1,4334474104501
-4,75011639549945;-23,1048801841313;28,2485675678395;1,22834880672574;3,65813175979212
-5,86798868108585;-20,8598492195496;26,8583995968935;2,13420411477839;0,91941750143156
-6,97913950083436;-19,2552659594002;25,974052496703;1,35855870795817;0,05185916778631
-6,96982999333981;-19,5493528203256;25,0417013646327;-0,165593348540499;0,474759471498009
-7,97083205565639;-18,6359548524724;26,0809096112199;-1,10023576162627;-0,045595760610337
-10,2400547331658;-18,8708848874647;26,3714879368584;-0,761816608503409;-1,63928990718648
-12,3840719878118;-19,5165981856967;26,5769442715572;0,243339506330567;-2,89038917925669
-12,1511027574768;-19,5142233723323;26,4928621718692;-2,07576208348827;-0,898102830081642
-10,6305555537728;-17,762530533526;25,2496565007043;-3,9233362195858;-0,852007208964989
-11,2619459220556;-17,1457858246631;26,1678649786005;-2,25221720795604;2,53315617832584
-12,2328601372905;-15,466536028728;26,5022582787466;0,596251482640789;0,406315586198954
-11,4021589887314;-14,1035739172449;24,6814964533236;0,620664438302503;3,88109080945279
-10,9023467897086;-14,4969501171343;24,2979505836561;0,217453837084721;-3,52583645583397
-9,43644036298618;-15,2197022925291;24,5045302861284;-0,233571897469133;-0,913820370221338
-9,34151210631831;-15,878632446354;25,3914639593079;1,26246444539487;-3,29750097589771
-10,2309910188515;-17,4513280666854;26,1632477692257;2,23731625560975;0,836389185389303
-8,08924150078551;-16,9992267137362;26,6918555161005;0,296553940925552;-3,26916932081509
-7,67825751650864;-15,389137691794;26,0775020084918;0,549612819683265;3,02659723779263
-9,66571779168671;-13,1682690302364;24,6646996175252;1,15710839122816;0,487661696183159
-9,22953296711515;-11,6381261719551;23,5282445180421;0,461835025768173;-2,31156936884619
-8,61188698829589;-12,3418512308707;25,4978340664364;2,15411440568563;-2,05750182345859
-8,34338119873724;-13,0084240653351;25,8457165895702;2,3447486810473;-0,367805282596134
-7,73722411278661;-12,800732320589;24,4765228148359;1,33568946289683;1,61949433778254
-6,14205167256505;-12,8267384039392;25,3576047293612;0,649373070479766;2,19315171514633
-4,65983023957748;-12,2301963518787;25,9005813262555;0,312127090150645;-0,872388371559832
-4,97964698215613;-10,7170218765776;25,2015887642419;1,11184798479003;1,5108566427752
-5,01136909637883;-8,73631363275622;24,7082729189509;1,95309422741914;0,925434782084634
-4,13012799614396;-8,5713211015859;26,5050730501734;0,553839176812177;-1,11165647766985
-3,68394155345469;-7,60959537117621;26,0771556131178;-1,60194335199712;0,020733053990889
-3,86194762406153;-6,24181795736316;26,4160347085856;-1,90503530917521;0,374350003849465
-2,64817903607827;-5,28312311158121;25,2139266812936;-0,821740509055166;-1,70901110330479
-1,62702289936924;-3,78182305574218;24,2628345049363;2,03471387904211;-1,79524757257442
-2,32702782797435;-3,07642912568133;24,9867007227171;2,53821547309384;3,34568480922751
-3,37666473105419;-4,19438711649301;25,6458127889221;0,123477698232368;-4,8535896935808
-4,2406035439321;-4,93504227135286;25,6939500718064;-0,665529736898591;2,54465271143793
-5,52974323014277;-4,61464988132451;27,2234755508558;-1,26298080582839;3,64988291748076
-4,88430817638708;-5,15240828493099;26,8382749629919;-2,65945278340909;1,62900659463867
-4,70698530978254;-6,27382483737727;26,1211237041961;-0,7393681753488;3,59776714554642
-4,92629791645977;-8,30571237102318;26,2428242343213;-0,457783593655819;1,89938851288952
-5,89484422998842;-9,56611190216042;25,6146647462614;-1,04060282843662;3,23854972307092
-6,09009212948887;-9,85556674174596;24,9966154357701;-0,12888297593844;2,22449291836998
-8,38076119571147;-11,0228000107591;25,7095347848559;0,23447313816844;2,66924543977486
-11,0637902942508;-13,3322223665474;26,3993206018504;-0,380190661383756;-1,08083773684183
-9,61368864393111;-14,351919733641;26,9453568016881;-0,636376325414073;2,37722323424665
-10,4353403903163;-15,7973100908786;26,7607122251788;0,319775410804036;-3,19449292141564
-11,6063993610854;-15,2093333116427;26,8933752366318;2,15130189333653;-3,12649013817751
-12,4923873015889;-12,6294588838975;25,9474375152342;0,485046466916489;4,33986887680319
-13,2588156842464;-11,2928007207927;26,2084878108368;-1,72693943746661;-1,30530734264978
-12,8927311175365;-10,8921949946266;26,6974697548064;0,279420980377242;-2,21261010914152
-10,9842095648407;-11,8253790371516;27,663857253952;0,289112849019385;-0,137474833411926
-9,23797065243998;-10,684429226295;26,6520620525443;-0,750966392872545;1,18970164097719
-9,248219593984;-8,185068539683;26,9057688193835;-0,709715538738695;-5,59898985610324
-10,1746106725997;-6,01821487219717;27,3661276100776;0,121332252195674;-2,01366326239645
-10,0918252858682;-6,81414624447646;27,7065922221546;-0,235121135311479;0,741972811491249
-10,8492699879545;-8,81515565956281;26,8567369665941;0,166410199993864;0,195370291316596
-11,0666784368553;-9,75794469532081;27,7574337839174;1,69438531546321;3,84999400767191
-9,49315616859086;-10,8495502851144;27,4946762980982;2,11887197138613;4,95310313085323
-9,72178408537385;-10,011952858766;29,1572906898454;2,53225967295247;0,633609798991232
-10,7329961229495;-7,39445189689295;30,5369625520984;1,1517641990459;-1,41429205505604
-9,8683916645964;-6,92768848514637;28,8504088965663;-0,531380866449402;1,57011636589592
-9,18629050103053;-7,45593732474384;28,73770053738;-1,45652674299317;0,009428737665553
-8,91270425490451;-8,88254803138895;28,4312413523856;-0,438304529709771;2,36390531489695
-8,04928883894558;-10,0923846591998;28,2005901783232;1,46914752733227;1,19024539682394
-8,1173990602388;-10,123257400567;28,7151915500039;2,04560076193026;-3,00536707309729
-10,8410543264301;-10,6272593602238;28,9052310728478;2,14109959392497;-3,57947306342659
-10,5606432686042;-9,90838844032614;27,7178221787838;0,969640851507978;0,733876190938525
-11,1505470050041;-10,2646229975002;26,4082050071238;-0,502383512291462;0,914631323647149
-11,287695135223;-11,4478616309615;26,656836927719;-0,580536717523053;4,29320455437571
-10,107157856586;-12,2634388633377;27,1025966735141;-0,171582846264895;-3,80442423233056
-10,1424677602566;-12,2872777098703;28,0297910014592;1,01656240332437;-3,00078851707384
-10,1832296594311;-11,6851743834746;28,2601712495549;0,427681276082334;1,34731794244243
-8,93367734413763;-9,85593057910225;28,2616293917914;0,112504236692728;3,47135251164508
-7,91513411484869;-9,69940815689443;28,7674487858093;0,838371301859946;1,75162934941154
-6,80901359641617;-9,02504674201277;28,4628218715513;-1,95001840879242;2,72997642459492
-8,07878814236743;-7,47646874815442;29,2665398104694;-3,24430231898659;-1,54014304771661
-9,66054279472601;-6,37066850016176;29,3518223635614;-0,873863306521154;-2,00324501462881
-9,09602144462804;-7,93717575129837;29,4243898099933;3,01604674879809;2,11065569235389
-8,75217370971467;-8,0030095133504;27,9346771797282;4,70000528604824;-3,62554777237147
-9,45466253155907;-4,64189646075578;26,4338133001414;3,02092124908738;2,93550506441056
-8,64439490232125;-1,17505886443882;25,7040307084023;0,076232023628058;2,47088929193513
-8,37628138898936;1,68651897916907;25,1556573944412;-1,06753250334055;0,418928923755155
-7,69369734586892;3,30034691288705;23,4893737768223;1,2039437233241;1,08457880232163
-8,36838689961041;6,53049000593444;20,7487605406841;1,32713338180094;1,19880794578398
-8,60450048471423;8,74394873102431;21,1139712328392;0,825674636775388;-1,90298141355713
-8,9953340376529;9,94054763867683;21,2087647285814;1,79071516656938;2,82399470677754
-10,5131030237452;11,7454733480127;21,8641384673089;0,763947778457468;-3,08462166272288
-9,73435637948753;13,9735676478769;22,6829384222342;1,49300690933393;0,539223030545345
-8,59523789645821;15,4846698742661;22,8019915280517;2,30368886571167;1,46883948215081
-10,0843279840708;15,1229347566386;24,5462636751471;1,40336488501362;2,61598472815363
-10,211564781441;15,2210239014851;22,9317806673346;1,07059986334008;0,397349072382347
-10,0033416066985;15,2261480050636;22,4514991587265;-0,412057867003639;0,071461997556357
-11,3355596593091;14,374008706665;22,9884927269748;0,927829193453664;2,47469960611109
-11,3062862024693;13,8763879365522;22,1874124279031;2,18780449511908;-0,953877934706512
-10,4064906695959;14,1829787777547;23,7747707322419;1,89328638832679;-0,978330298809721
-10,3055581757735;14,6099291764479;23,2808231848688;2,72494468575213;0,188666942595212
-9,06687969036825;14,6811639481469;26,8725562420726;2,45978375202229;-0,749303876933364
-7,91703115125346;16,0125201704947;26,7234669491115;1,56492515464155;0,167886179842214
-9,63011353995;16,9446093866762;26,4804259807026;1,13925806417492;-2,02911623428126
-8,18368115847115;15,9427455897162;26,2063651018369;0,648473755419372;0,260245513733164
-6,43350138597277;13,723316215304;25,7541089201433;-0,141807626606055;2,59846517635371
-6,22547303018375;11,681051414946;23,2577344458769;-1,09452479756026;-1,6493415798172
-5,09049513981968;9,73510534477031;22,3104741781175;-3,04224515789921;-3,15768719941926
-6,41971024500239;8,32755481395537;23,8111980178756;-2,74972823548405;0,246023517266511
-7,00529149845787;7,56362551625103;23,5070374188006;-0,419048582252424;1,00882334813523
-8,29823347341799;7,74187409199559;22,9127141717112;0,834060842986132;1,52524848760685
-7,89568056251714;9,07587325314588;22,6252598721323;1,63106588812887;-4,23366993533743
-7,06679203074473;10,471108881221;21,8718560007432;1,65982405827223;0,202375252345256
-7,77931745589756;11,6714091685453;24,5771955356814;1,11736727648879;4,96017419021519
-7,66885337195768;10,2877740500552;25,3903938845562;0,989887544347355;2,50411171352751
-6,26151125884638;9,16093231971733;27,2156273094826;-1,08510700996577;2,97432223700386
-5,66376429121544;9,49657910195226;26,1588803613121;-3,14335132016044;-0,09196240632927
-5,6133920182142;8,61802962273518;28,801122588413;-2,0381911416387;3,15069860671243
-4,56677598440655;8,48096264842963;29,6618428078959;-1,82166229382826;2,87841733569156
-2,0538849519029;6,73671867786668;29,1528334125409;-2,01243096327972;-0,264849951781699
-1,17183124050299;4,95213515798918;27,7306210831798;0,098659021927212;0,868914386213357
-2,64129894737377;2,35956962490601;28,8242288944082;0,386218941921026;0,582758794245596
-2,2850171146205;-0,482047433300109;26,9263694120715;-0,57628297245619;-4,17380692925506
-0,555912396677609;-2,80265539834777;27,1710383580275;-0,558079708451724;3,20337682342664
-0,074979687458221;-3,98759081730365;27,3374573558658;-0,450085133105209;-0,49925587579989
-1,22901361762608;-4,11765773568867;25,7986150422747;1,78525148412765;-2,34338730561478
-2,58126581388841;-3,53794851774706;24,7163082636162;1,43311523610465;-1,5042348485016
-2,5314926750184;-2,74395697392231;25,8099673984422;1,04230967405242;2,88627445752925
-3,63589396191724;-4,10073708211174;26,0466770806199;2,74633467573659;-2,33793050072915
-3,42551687028391;-5,58499653175439;28,0177236669731;4,58232065862867;-1,07120533998094
-1,93624834780366;-8,94282154458771;28,4394670273898;4,25952513722763;0,119112125558077
-1,37730187189864;-10,9967831482974;30,5462446602998;4,59813577008406;1,6200959416658
-2,6743532701524;-13,1929017334601;30,8914131000568;4,3008721335254;0,304701130320487
-3,34338313772344;-15,8521244152452;32,4221253195835;1,181858604987;-0,962033839976295
-1,14464373253699;-17,1707443628107;32,3913909965192;-0,29301708628707;3,3852344714588
-3,03281325431028;-18,6531617537206;32,7694240086661;1,13321334959257;1,19792517541956
-4,50760169886429;-20,4321980265081;31,25255491166;2,9612333704338;-1,72510059206085
-4,08428840060884;-20,5361640915157;30,3180143108561;2,54536235124943;2,27259836816461
-2,91534189337106;-20,4723503234939;29,6663093004499;2,15790807073047;1,22815967707196
-3,21999284953512;-20,7681800862628;27,4465535191066;-0,388239968529693;2,94660596752316
-3,87228528525361;-20,0651351409033;25,7268015552056;-2,57796664664918;-0,130927236396553
-4,15273576877952;-21,2815700529959;27,040743626615;-2,08139180889008;-1,49615738030164
-3,77622274162667;-20,9213637427682;27,6032061836861;-0,687555525489106;-4,19724297894404
-4,91059953809394;-20,6138054409968;28,5468302243115;-1,47184469828247;1,50610339939767
-2,98535582342521;-18,1328002954109;29,6672113586013;-2,12596360248878;3,57634859130439
-2,47243027374688;-17,1813089563068;28,4242738155015;-0,713970712360182;-1,68865102446274
-3,55702716955274;-18,0783116019845;30,1950306824895;-0,469402470269106;3,18557715339104
-3,94506211809587;-20,0407388549104;31,3330967177674;0,250648663626358;-0,810311138217549
-4,16413469944538;-22,0627981657191;31,4709237382823;1,96907157537379;-0,856018553356841
-4,13728648940826;-22,8548034564689;30,3564130498638;1,68485051292587;-3,15349821304091
-4,45163215541398;-24,5543738439762;30,5900595375081;1,73404456684829;-1,20251335702049
-4,03496586928876;-26,1404138766901;31,3377042726532;1,10653058292491;-2,29352220904656
-3,89019687565536;-26,6017446611726;30,6396054905788;1,15882933140389;3,37849480668008
-6,17251686060343;-26,7528462659512;28,7608474033729;3,93240825972893;2,72147366704582
-7,5817803424269;-27,1387998356562;28,1042836920576;3,21120840648057;5,53700578590925
-7,66172555021359;-27,0819842024848;27,4541268560713;2,8097864451506;0,358382218315553
-5,2544055888704;-27,9775027830605;27,6679764712829;3,55061856312254;-5,3205436728328
-4,33203784794909;-28,2482589123453;28,3861218820341;1,96560593927608;-2,01848738913665
-6,20691274626619;-28,9321593449379;29,2487288477516;1,19376579869752;0,796971938348182
-4,48114351725436;-29,2437570046158;28,3339965493263;0,53349916282943;-0,107913778945643
-3,13145674613773;-27,5980050484789;28,6548123811493;-0,538354643898561;0,638682180331052
-1,63438040813667;-27,8178946669329;29,0520617013324;-0,282201208460133;-2,81606997585571
-1,6851358698392;-29,0712711450567;29,8822540760696;-0,59108485604731;-1,70576772960987
-1,86428942588404;-30,6350112369025;28,9660257480453;-1,11830458829214;-1,48533177573918
-3,06023801381349;-31,821477141215;28,8802456427513;-0,476337327044238;3,10422201011916
-2,55748370802162;-33,7201308763532;27,8896209120911;-1,40981110369888;-0,185490395009241
-2,77903566553567;-35,649788534153;27,5782639524663;0,287891879227431;-1,80178993829409
-3,86928685579712;-36,5692714802486;27,9161041890627;2,03368213929911;1,46874499580308
-2,26416320797315;-38,1104903398504;28,6616948627609;-0,219841663437812;2,12075821776547
-2,71272521735839;-38,7567235603716;28,118955273259;-0,663316140405706;-4,59266119184622
-4,52170444418135;-39,7212404345035;27,4919007849483;0,397363729425492;-3,24236048626985
-3,68102904812101;-40,2021501116297;26,2971013239005;-0,901817869478214;0,378265694359489
-3,96628866043181;-40,6825242550292;26,3207380026435;-1,74240697397309;0,469129664479748
-3,37399112263155;-41,5717808880878;25,3894069086468;-1,1958258290218;-1,85751500942102
-0,830073578536208;-44,0376991147931;24,7608194805266;-0,79273605614459;5,14999230309199
1,12183967558894;-47,4682154138804;28,0634417938154;-1,23702714679504;2,25240545616706
1,24791809355415;-48,4465298627486;25,6600192089118;-1,07006393688896;-3,04488293210112
0,682626048387495;-47,5046927758647;25,4620609438201;-0,277251834207259;1,65196111906625
1,2859897357112;-46,6080743138876;25,3874123888209;0,933436702955918;-0,619438417118989
2,59806266445422;-47,2441334474427;25,6417333446294;-1,86594989470983;0,988815188903782
3,3964598591324;-46,9295548362404;27,5775643210113;-5,25035396965012;2,87952315591772
3,97143068033646;-46,3453632483076;30,3807100162306;-3,42530489769387;-0,937275809582143
3,57160126421383;-45,0432619076605;28,6385268091006;-1,89272767109244;-2,22012823669766
0,789114511270916;-43,2495140609831;29,4845987523668;-0,903554793639608;0,134540601164005
0,309456642827265;-42,1528059768392;30,2141109222644;-0,163996089008069;3,93909482597002
0,114965748030532;-41,8808921177571;31,4207669712602;-0,669524781831774;-1,30145867124714
1,18683932721955;-41,9061281347633;27,8948385119627;-0,919262508561569;0,62730634724445
1,89531222805214;-41,2908155239265;27,2709106962973;0,199333482684742;-1,79935435569007
2,39989457408776;-39,4813840113865;28,3994243896434;1,0752471957179;1,8050539544176
3,18320226298122;-38,6401499472017;26,4969169772661;1,05567661238459;0,900727541123121
1,70175771644051;-38,0024664645239;28,1050669458806;1,75510879751437;3,71747914543285
1,89303046570538;-39,7001853311006;28,3994711944203;1,72195279950506;-3,64522667852733
3,16152591645025;-40,4320384673405;28,1787158223941;1,22151493431389;5,52277735787593
3,40093091113761;-39,0821632732725;27,7497280369288;-1,16932621841358;7,93662100795421
2,30703368881971;-37,2011512995065;27,017768364303;-2,17387705304207;-6,85229608033902
3,28043211539481;-34,601622441166;26,1556754353417;-0,708624877017867;0,87164800429786
2,12085482962209;-31,6081480827692;26,9567943469537;-0,357520994484326;6,50987911310734
2,89074776120911;-30,2503072593267;27,7689093065783;-0,336320793636452;-1,38810441121444
4,78537839740336;-30,3844052486942;28,9748372179483;0,439984342966654;-6,1385206586227
4,24339581516987;-29,7754200443263;27,9818685804376;1,66229958164369;-4,81429391234543
5,72363761321577;-29,5964592124315;27,3607974543955;1,25747447044793;-6,41988852055019
6,46922456491646;-29,7383074799382;27,7435278523551;0,034700985619397;0,49106180622153
5,33106317561901;-29,6460246849449;26,7699426352986;-0,728045393821423;1,52301111015431
6,03995366414385;-29,5289397540792;26,4302955793101;-1,39439395670851;6,34331335826761
6,62395648693411;-29,2063197976506;27,2544309980407;-3,30356643210234;-2,89834374268643
4,47627568172865;-28,8049816606324;26,8987211048823;-3,55251534603931;3,15231562928247
3,73804716438168;-28,3895919939768;27,1363275278452;-2,06639509344155;-2,93893639602608
2,61752993653751;-27,5993871806289;26,7247081753885;-0,836708046079997;-4,24004551837274
1,76671482782368;-28,1196043456368;26,056763308779;0,376555152742694;-2,86078766368256
1,68193350282554;-30,3481925524362;26,4149665760478;1,81322048444356;4,13674146888488
3,13211813155086;-30,8587339668171;29,5597742023261;1,47673144490189;-0,782208054974585
2,0665764904643;-31,7162927060925;29,7345842340055;0,548748283424543;-1,93454287782347
1,46762303944433;-31,8388227721606;30,713964036292;0,96964932917501;-5,6890463034818
2,12832449238659;-32,9553356155263;27,9137319092727;-0,180793894667082;2,80030738732562
1,69748538235579;-32,9045036458502;25,8183179539519;0,628461053686448;2,15849356539869
0,805864139948568;-33,8960962478472;27,1825001429742;1,03760200741849;2,43705707505608
1,53080401826164;-33,7833903926895;26,2553158876334;1,49600446238399;-2,34388575439226
2,37769530095611;-34,7019095766779;26,1903676179499;1,47824368864147;-2,55693725975669
2,49342664685915;-34,8855393053197;28,0910097485993;0,480635809620039;-4,43235311130013
2,66426300843115;-33,3041269443205;26,9300695800564;-1,02535049684254;-2,01568144596313
4,2875859082235;-32,3178861656786;27,8951471606579;-3,68482809573011;-3,74864581757331
5,52384033045832;-31,3809165736587;27,782789836271;-3,28194250403763;-2,518218056122
4,88133249928145;-29,6328739564124;27,3942262641348;-3,44710777960098;1,9983242854682
4,36788196052097;-28,7488303403321;27,3881494667198;-0,544899715893584;-1,12038852272525
4,16814969339769;-29,5875677691269;28,6783862468735;2,19661964035836;3,90058237218963
5,3900986068789;-29,33114229349;29,4542365751387;-0,854130112490631;3,96153199810822
5,31134863061881;-26,7548251215849;28,6705266953351;-3,72003605329677;-1,74471093735102
3,7684943539794;-25,1219432901621;31,2303349011842;-3,1621600795359;5,20968179351937
4,25814094080721;-25,8743169249016;28,6080334840052;-0,402069033173694;-2,27251364296687
5,67389386672548;-25,0854565935931;29,3558443155445;0,406366672662799;2,0611308210381
6,37612284840698;-25,1968057764036;30,7012084601716;-0,221485419391691;2,54802299439274
7,2670696467158;-24,5973379890387;30,6709150073596;1,80834140212193;-1,43373948451745
7,43539911324514;-23,490238085242;29,2594177280362;2,50513758680387;-2,91019093987759
5,41728512600195;-22,397970679869;29,6620212811576;-0,226469873313312;0,082724473318739
5,3800520573858;-22,0948594309786;28,7708440095934;-0,277101398991309;-5,21118591290637
7,07723586847288;-23,9694730672044;29,3066273409089;0,739816266158661;1,20729043525722
7,90527612027987;-27,6031695924735;30,7514066096603;1,0813039807423;0,693579628541411
7,03417418668821;-31,1003369401532;29,8189994319756;0,444972544737707;1,01890943985411
7,47514599575201;-33,0655242245174;27,4558595811829;0,062415355892353;-0,320818317138781
9,1610024659953;-32,5942734555106;27,8954218002631;-0,331610120071508;2,2355099921604
11,1934163426657;-32,4881168316119;28,5939098654374;-1,30649504032689;-3,35950064808202
12,4832604969397;-33,016524185605;28,4129824253138;-0,642842522216899;-2,51341943064999
12,2557636414495;-31,8882562268954;27,4914175292833;0,463592863502819;4,63094981673149
12,8284874642375;-31,2076968478499;28,3598649650799;2,06067444865214;-0,535877969680936
14,3133792476674;-32,335024928838;27,8569131610896;4,13882309750496;1,89074012450768
15,2810268094502;-32,5598245437433;27,1090425188563;2,89792706046549;-0,095953169409625
15,7335800480702;-32,9210482604808;26,5854896095808;-0,352911460973961;0,182181920405416
16,5773090111025;-32,6868512659445;27,8348721852293;-1,8926304745104;-0,262883964534873
14,9710257194793;-32,0472269161119;28,2045756299614;-1,60881700607538;1,49188470516375
14,0908787694263;-31,688768719078;26,8615005263947;-1,08824009013836;-0,6158662605481
16,4311243544713;-30,3805241021231;27,8811368756981;-0,513244045599106;-3,60204228432378
17,5910773624884;-30,0984947793525;26,1318243042592;-0,09217789718401;-4,88456616768154
16,4732395176914;-30,4603027021791;25,8024603642749;-1,11789741588494;-2,87547418471042
15,7880078982618;-30,7599287361971;27,059156161555;-1,18811079487194;-0,027252937870106
14,9047993219208;-32,0423839332237;26,7604647037733;-0,787412257676882;-1,53557212107759
16,4524380159197;-31,638354028959;26,5965836982127;1,31813440643989;-2,37597199797964
15,3370844032299;-31,3822538445266;26,7708754040341;3,35911592528486;0,04255517360252
16,2950091660425;-31,5374996423;28,8760626579077;3,123829505414;2,45309572052945
15,7836180073302;-30,8672425322681;28,2264160070025;2,10787570636507;0,22609177186454
16,4877176754636;-30,3400281398869;26,3700884649839;0,716085825666818;-1,59099366886446
19,4569088030171;-29,04506617318;25,8913747527531;0,441835831357739;1,06715976576733
19,8982233614192;-27,9874703532197;27,8234817770434;1,90767630046185;1,76400201786953
19,4627954579482;-27,9407348507541;28,1387450626045;1,83411399473108;-0,037144726545571
19,0500239194877;-28,3005504226995;28,1384664716967;1,13989880641469;0,359769812902371
20,3199079671168;-26,5989520940471;27,7065740923796;1,25219546384536;0,062963428214969
22,2395957321776;-24,9935973875598;27,2109224896667;1,04941167690258;-0,422286866320594
22,0956275920646;-23,0235191380523;28,2610168308791;1,23691251113678;1,84875265677759
20,6226434178385;-21,6124984583704;28,5091610649882;0,108785272418225;0,229603039476266
21,6092740806298;-20,837380581974;28,7688317076033;-0,154460586166865;-1,2074722273349
22,2731263668962;-21,0004022192917;28,7645503277753;-1,52083834321712;2,32371503828405
21,8663269558888;-22,2676670362967;28,9698453538544;-2,25060544385306;0,977657976330587
22,0564067773951;-23,2197805826334;29,0732790503529;-0,24857270128188;1,32822579774374
21,6622797025382;-23,6942818452045;28,6186745617089;0,345275599685456;-2,1989874442309
21,5451002425011;-22,7022282374106;28,8280541139417;0,093312875034918;-1,56748139087026
24,787487536769;-21,2142207533504;28,8417096390739;0,595824065937934;-0,133435667424913
26,3927906122384;-21,3991707352812;30,7870195240939;0,288037555163228;2,90711915712284
25,199733221945;-22,0499096388777;31,9551952142858;-0,380352060430046;0,954173798350892
25,3067978254404;-21,930001459297;31,3109724380145;-0,32982895738242;1,29666390596328
24,4127195779154;-20,5440354131276;30,305707941102;-1,33992148238756;-0,893934834431979
22,7385069721209;-19,7065901857272;30,6591206081333;0,227575020090642;2,13999439952763
21,9277908226421;-18,5735235915136;32,6649894218232;1,49236490868641;1,52493455444941
21,481090285468;-18,1537267781037;32,6196454138403;1,09133956421019;-0,422188204061619
21,3485725845869;-16,3556852712632;31,7506991774076;0,429812840769566;-1,40925510386516
19,6626794671589;-15,1481151916579;33,2855251096064;-0,195858033768932;0,845100798804909
19,60569749959;-12,8801413262377;30,8594389515134;-0,287024440470222;3,27904239245537
20,8997457483345;-11,4127295745175;32,266669422229;1,40985617344033;-2,4229203332243
22,2578239312853;-10,111388613725;32,2869419450142;2,86146530935051;-0,088395097511791
20,9476961750782;-8,81711125505469;32,3016183247358;0,635518358838426;-1,40010658045281
20,3566504453242;-7,70606587038208;33,2681388302676;-0,92615856039573;-1,59996699555947
21,3393845469142;-7,41047724802773;32,2334138441403;-1,72946328084107;-3,14485946765647
21,6122704035826;-8,03479471617105;31,8685936221385;-2,80710547848684;5,03341983161546
19,5954931793096;-8,64516086056344;31,385044468511;-3,75255891180361;-3,3037234747047
21,5071899397575;-8,4064217932692;31,3022278094186;-4,46780347178601;-2,33398601744324
23,3533624190919;-6,98189371045135;31,3147113645313;-3,46065079295707;-7,08408967611755
22,7779061235848;-5,35262365667011;30,712773955157;-3,03256134881734;-0,449920806011458
21,640296761543;-3,94210729384154;31,5046130185609;-3,41217520361912;0,402038249093503
21,942486401711;-4,01154252446347;30,7320029257365;-3,15789193651103;7,01353028685007
24,0032258334282;-4,79372646194974;30,394681485371;-0,203397035942406;-3,15965032328716
25,8739803007849;-4,45119320668583;30,9713054841799;2,5592078536376;-1,17708146695642
25,8754746712586;-5,74463479049412;31,3808472783608;2,4276625765454;3,44804490614999
24,9058631160178;-6,28518626040326;29,5690004811916;3,52166295105803;3,96820644394493
24,8568992956731;-5,9323175562028;28,5597463780198;5,04721128916239;-1,41725974884447
23,8498694592632;-4,69300739720795;27,7563710010696;3,60306476695471;-0,652266179690565
24,4194269316078;-2,55846524091208;29,6966579539328;-0,436243572012367;3,43319537969813
25,2017287331494;0,121539752869899;29,3300272695887;-1,39502570598286;2,99094774981446
24,0219865506758;1,46797114763647;30,6134271817276;-1,55236000174375;-3,54242003568678
25,9801283474722;0,89648357650545;29,8953487203668;-2,83903938404916;-1,62607732057306
26,1357394115062;-0,77103856033134;29,0286501620122;-2,90856938433492;-1,41773091389389
24,4424051262326;-0,810807443817987;28,4543657855335;-2,27718082342121;-1,32332032143323
23,5402297637871;-0,616151120444847;28,1366521128431;-2,67340108609661;-0,148746073061488
23,1039706687383;-0,73297024080908;28,6965197200183;-2,40274070973523;-2,69781435773603
23,5263117893214;-1,33892440196446;29,9994803781885;0,381917193349092;0,218351180864767
23,5165172709333;-2,76486188874802;29,0117402774123;-0,071121320625288;-0,320522335979372
24,9351196772443;-0,955327929224057;30,4309563642242;-4,41219118437698;3,20659961984161
24,0640473020791;0,507601159621687;27,8254475344369;-4,97317635272674;-1,05576374446042
24,6064326717448;1,80520344748476;27,4888430580223;-2,85219342303319;0,63411178134213
24,987390654333;2,28386161177573;28,068063265882;-1,56052877942403;-2,05870515825692
23,9399158706157;-0,046471210545711;29,427910787866;-1,4991252550132;-0,409568071505836
22,8741966703572;-0,541833968818901;28,7766523811604;-2,5754225126275;-1,46538933558782
22,8062696893503;-0,09530752587181;29,8902067409706;-2,48494435199511;-0,35026738960146
22,2024266058529;0,687813032897812;27,1944823486001;-0,35263440445054;-0,835134658470536
21,1075851221682;1,1307015414097;27,0382332863212;-0,984786588358842;-0,69170739523882
22,4424895687924;1,92140056011872;28,4103930721005;0,249052248946667;1,05561294502621
24,772068276786;3,02814707077796;28,7105081833697;-0,00662769100086;-0,433054407610034
24,1281268825688;2,84387716208092;28,0554967413653;-1,66955608743303;-0,33110142370041
23,2711688817838;1,97133934229084;28,3537536105359;2,04459579776941;1,88237898307508
22,178623829449;2,55535959655304;28,8939314158755;2,53325308461319;2,13854769564645
21,7937213834882;3,00726997003684;30,1615784222135;1,10780771461448;-0,326245719375566
22,5572959221108;2,37139843788146;29,2498785471989;0,856123092925431;-1,47338653362111
22,8447382599496;2,79575634807792;30,5239222255663;-0,640690545172348;0,675903414668648
22,4896355332724;2,50465132201596;29,8814574673709;-0,339865153540593;-1,43174716537822
21,6751040290265;1,88711629704258;30,5438625661527;1,10064314614507;1,82840909312916
21,7529932041438;0,58930627004813;29,3433027816725;0,493000325047496;0,566317578088731
20,0699313189392;-0,324669976985449;29,9949619899737;0,09663118645867;1,6821597409044
18,8541464814021;-0,620695069813788;32,2645391532232;0,358204738262411;1,31359557658465
20,0655615908607;-0,221808394902315;33,0290018888586;0,810959527151673;1,08805127727979
19,7145416043824;-1,41579343787506;32,4909339066565;1,33994001367637;-0,218473802079583
16,8258652718644;-2,27467074740966;33,2599748504461;1,36077116404371;-0,29824026187145
14,988384899719;-4,1723587204987;34,2912126920844;0,427604311765732;-0,513841581088963
16,9539562032438;-4,99959048052754;33,2397677650717;1,68853590175222;-1,1139258428537
19,5933579005153;-3,78921337556998;33,0358336650025;2,11751339118622;1,77091262729496
17,6840248039306;-2,79858337345579;32,5945932192649;0,951015595491595;0,27883241927862
17,3233934662314;-2,44881638355456;32,2720290379453;0,353568340411353;-1,94094024936211
17,6219146170484;-1,73713563022116;32,3970189591911;0,105832086414592;-0,537249778888913
16,7960757695275;-0,24589456943907;32,2403452502714;-0,54905722444473;1,04749655160175
17,3967094335615;0,418022686555695;31,6765514533839;-2,13714162276845;0,318550032514196
18,2215936334004;-0,057036214203044;32,1130789727467;-2,52226438557229;1,29395763319763
17,799564775397;-1,3957562595568;31,8506997410996;0,966978292079067;1,65606668526652
16,8980318090628;-2,83261394798996;33,514894679616;2,08543598559617;-0,255647152072394
16,5652043748695;-3,1843494576883;33,4999782334668;0,578626739099698;-2,00014033659478
16,139658552366;-4,1054985990104;35,1855384409564;0,456855671075163;-1,74095696794506
14,6037872114818;-4,3990232078596;34,274876581873;-1,97628227759356;-0,442388542307984
15,6588054801629;-4,88742012496797;31,299212809146;-2,30895696462154;-2,65764981620096
15,0742547370456;-6,39159254598277;31,1128401833109;2,10805912341529;-0,419712653315341
13,7879615795966;-6,894453514602;31,9839897789144;1,91494948155537;-0,397679520392293
13,6134545826205;-6,55813659328369;32,9177931655342;-2,32470615955526;-0,519689825045107
12,474510874038;-4,07236122019972;33,4176424640285;-1,64189048031558;0,446014649685439
11,5509231017194;-2,62282637530864;32,8095649831492;0,209828664651218;-1,99734589349363
12,9059404026054;-1,21970052584512;31,7177843702415;-0,347864376439444;-0,496545432607065
14,109670854928;-0,087970789155994;30,8526692936827;0,466850850324148;-2,44821619755275
15,500906808737;-0,439727531577777;30,9091322939213;2,37875279124454;-0,206326660751795
16,6998353763479;0,092748038588408;30,1669235775114;2,55686922785087;-3,52108599554936
15,4622387407224;0,339588102559709;31,3112601072862;3,41169402614449;1,45484694746225
15,7673990692283;0,564188702932559;31,0033526463212;2,24413614023266;0,913328882771548
14,6595141219876;0,246132397768158;29,936615470954;-0,39744300545931;1,21249880228379
15,4136028731849;0,755331918718427;29,9049333799862;-0,668295378327216;2,70787557347559
17,6820403755491;1,83704542802538;27,5124484888292;0,823394300916304;-0,93343002159841
17,5694339159563;2,46881705198913;28,0091742648659;1,11234015418446;2,32616877775904
16,4947104208224;3,48880035231496;28,5442430900465;-0,702272591145168;0,4703137399626
16,4916557853715;3,84631320957026;29,3982052856168;-1,03517323647697;3,10036184572735
17,0795599593599;3,85508730397412;30,324596928483;-1,80663547000159;3,2322386257056
16,1718857129951;3,72115846540315;31,269172458577;-1,15593073939182;1,64765909676122
17,1544840894973;2,84258728425615;31,9170579240017;1,00725429429047;-0,849604013897051
18,5552662710038;1,78686674262643;34,3223420734255;0,669755270338637;-4,24636525721559
19,3233389981038;1,7903553921482;33,3746005863837;0,460405662266307;-2,59540988164486
18,9470979412454;1,50226573370238;31,9026053952003;-0,205228607138211;-1,69145451986142
18,6216678136085;0,914173143115541;31,6932444438621;0,231049698052177;2,19561502913168
19,5138075926003;0,330669868809417;33,2372920420888;1,03339241423579;-1,92940039515763
20,0017731973959;-2,89099237359911;33,9518356112622;-0,20274486422865;1,56180497326645
20,7769661590843;-5,13103880806966;33,0881506196799;-0,748944237109973;-0,610520612331996
21,4328308598263;-6,52696553468731;31,8959649467467;-0,120163537498053;0,647666621593842
21,5216248000461;-6,89915522990629;32,7877856147764;1,67936365012849;-0,471096543974796
21,1746001730803;-5,61645653716456;32,2149693876719;1,2686600951143;2,80431010541958
21,3618506158132;-2,33025618577395;30,8637678835737;0,326762033841803;-1,13965233991573
19,8844707932023;-0,105944972980973;30,1958669680822;0,182205468520129;0,336277822269305
18,5723679379391;3,00112285274759;28,2396542886272;-0,161875459286276;-0,185659063877986
19,7309451476013;4,33234383856887;29,9767578219273;0,811035002030997;0,29380470349584
18,2092447783286;4,035495580841;29,1188366963616;0,427436360918805;-1,24376596930527
18,5088445414273;3,48315476431585;27,1402235666657;0,284563521673233;-1,11179900456804
19,3912615016385;5,27164930138349;27,4414039813248;0,124857101151224;-2,43128049448087
18,0831987299795;6,60868948937596;28,8468529025311;-0,261295859495402;-0,025234489914151
18,5526511650392;7,21751909521979;28,8641314444488;1,83603846134687;-1,63210688947309
19,1831256940598;6,988161258023;29,5868109575144;1,725408927447;2,90923962685449
17,9468586117522;7,04225402512311;30,111153087099;0,094846573834353;4,73386386901846
17,0019230224869;6,77817717343558;30,6586107569947;-0,195962143227479;-1,35053297610202
16,1686562592139;6,64018046275796;31,1295554275847;0,311018883625669;-2,64041829867296
18,5065322172888;7,09526029287646;30,290981912331;0,542587224433552;2,18115130350261
18,1068083269414;7,54245236307378;29,8729255682428;-0,673438011252737;3,39189156468805
15,0301060858973;6,50586593807584;29,3521555565607;-1,53779953334423;1,23235079772517
